name,address
포냐향,경기도 안산시 상록구 사동 1568-12
행복한 커피&다이닝,경기도 안산시 상록구 이동 636-4
더 타르트 1698,경기도 안산시 상록구 사동 1573
좋은아침과자점,경기도 안산시 상록구 이동 716-12
에비수,경기도 안산시 상록구 사동 1155-10
뜨락,경기도 안산시 상록구 이동 640-5
이동닭한마리칼국수,경기도 안산시 상록구 이동 592-2
추억의 서서갈비,경기도 안산시 상록구 이동 715-8
양푼왕갈비,경기도 안산시 상록구 이동 661-2
칸티푸르레스토랑,경기도 안산시 상록구 이동 716-12
카페그레,경기도 안산시 상록구 사동 1171-2
마루,경기도 안산시 상록구 사동 1149-6
고기와득이,경기도 안산시 상록구 사동 1518-2
투썸플레이스,경기도 안산시 상록구 이동 716-11
취해,경기도 안산시 상록구 사동 1569-6
키친모리아,경기도 안산시 상록구 사동 1568-11
네모,경기도 안산시 상록구 사동 1209
한양통닭한마리,경기도 안산시 상록구 사동 1169-2
폼프리츠,경기도 안산시 상록구 사동 1149-5
보약족발,경기도 안산시 상록구 이동 715-3
이바돔감자탕,경기도 안산시 상록구 이동 720-2
느티나무집생태찌개,경기도 안산시 상록구 사동 1203-2
미술관,경기도 안산시 상록구 이동 715-1
승혜네김치전골두루치기,경기도 안산시 상록구 사동 1275-1
소락,경기도 안산시 상록구 사동 1519
소래포구,경기도 안산시 상록구 이동 716-11
파실리따,경기도 안산시 상록구 사동 1544-4
명장한우,경기도 안산시 상록구 이동 720-2
연안생태찌개,경기도 안산시 상록구 사동 1208-10
스낵플랜트,경기도 안산시 상록구 사동 1570-7
대학통닭,경기도 안산시 상록구 사동 1171-3
황산,경기도 안산시 상록구 사동 1571-2
프레츠데프리츠,경기도 안산시 상록구 사동 1571-3
토마토도시락,경기도 안산시 상록구 사동 1570-4
무한버섯나라,경기도 안산시 상록구 사동 1209-7
명랑핫도그,경기도 안산시 상록구 이동 716-8
밥알,경기도 안산시 상록구 사동 1165
도깨비왕감자탕,경기도 안산시 상록구 이동 715-7
스카이치킨,경기도 안산시 상록구 사동 1569-2
진달래,경기도 안산시 상록구 사동 1155-9
한양동태마을,경기도 안산시 상록구 사동 1559-1
아프리카당나귀,경기도 안산시 상록구 사동 1568-7
우당탕,경기도 안산시 상록구 사동 1149-4
참마시찌춘천닭갈비,경기도 안산시 상록구 이동 654-10
요거프레소,경기도 안산시 상록구 이동 715-4
뉴욕바,경기도 안산시 상록구 이동 716-12
대성떡방앗간,경기도 안산시 상록구 사동 1152
회식의달인생고기,경기도 안산시 상록구 이동 716-11
뉴욕바닷가재,경기도 안산시 상록구 사동 1203-7
토담,경기도 안산시 상록구 사동 1209
산촌오리참옻집,경기도 안산시 상록구 사동 1266-4
요산재채식뷔페,경기도 안산시 상록구 사동 1204-7
세림사철탕,경기도 안산시 상록구 사동 1188
각시보쌈,경기도 안산시 상록구 이동 718
궁중삼계탕,경기도 안산시 상록구 사동 1197-4
력참숯풍천민물장어직판장,경기도 안산시 상록구 이동 715-11
파티앤케이크,경기도 안산시 상록구 사동 1297-8
태후,경기도 안산시 상록구 사동 1198-4
풍천민물장어,경기도 안산시 상록구 사동 1566-4
장수떡집,경기도 안산시 상록구 이동 718-5
강남돈까스,경기도 안산시 상록구 이동 717-2
장모집게장,경기도 안산시 상록구 이동 695-1
동대문엽기떡볶이,경기도 안산시 상록구 이동 715-1
참항제주뚝배기,경기도 안산시 상록구 이동 641-1
이화야채곱창,경기도 안산시 상록구 사동 1199-8
무봉리토종순대국,경기도 안산시 상록구 사동 1186-15
토마토도시락,경기도 안산시 상록구 이동 717-3
영덕해물탕,경기도 안산시 상록구 사동 1552-3
산채정식,경기도 안산시 상록구 이동 659
아인스커피숍,경기도 안산시 상록구 이동 714
황산,경기도 안산시 상록구 이동 715
우당,경기도 안산시 상록구 이동 716-3
장모님옻닭보쌈,경기도 안산시 상록구 사동 1277
예산닭갈비감자탕,경기도 안산시 상록구 사동 1571-1
부즈위드,경기도 안산시 상록구 이동 632-6
코리아숯불바베큐,경기도 안산시 상록구 이동 538-8
안산불고기,경기도 안산시 상록구 사동 1267-5
연평도게장,경기도 안산시 상록구 이동 663-3
굴다리잔치국수,경기도 안산시 상록구 이동 539-14
청학골오리,경기도 안산시 상록구 사동 1172-14
파파호두,경기도 안산시 상록구 이동 716-3
공주네회조개구이,경기도 안산시 상록구 사동 1518
24시수타신짬뽕,경기도 안산시 상록구 이동 691-9
펀비어킹,경기도 안산시 상록구 이동 715-3
삼사오,경기도 안산시 상록구 이동 710-15
료엔,경기도 안산시 상록구 이동 715-8
명옥부대찌개,경기도 안산시 상록구 사동 1519-15
피자헐,경기도 안산시 상록구 사동 1286-8
주미랑도토리마당,경기도 안산시 상록구 이동 657-4
박혜자낙지마당,경기도 안산시 상록구 사동 1185-15
마당닭칼국수,경기도 안산시 상록구 사동 1559-3
불로불러참숯바베큐치킨,경기도 안산시 상록구 이동 720
황토우렁마을쌈밥,경기도 안산시 상록구 사동 1558-3
두드림치킨,경기도 안산시 상록구 사동 1569-1
양푼이,경기도 안산시 상록구 이동 715-10
메밀촌,경기도 안산시 상록구 이동 659-1
올리브샌드위치,경기도 안산시 상록구 사동 1581-1
보쌈마루,경기도 안산시 상록구 사동 1209-1
김민준피자,경기도 안산시 상록구 사동 1266-2
다미장어,경기도 안산시 상록구 이동 662
